country,trials,industry_trials,industry_pct
France,29310,11487,39.2
United Kingdom,22663,13214,58.3
Germany,22400,14996,66.9
Spain,21100,12040,57.1
Italy,18434,9810,53.2
Belgium,12480,7864,63.0
Netherlands,12107,6577,54.3
Poland,10343,8358,80.8
Denmark,9923,3572,36.0
Sweden,7807,3846,49.3
Switzerland,7736,3103,40.1
Czechia,6149,5203,84.6
Austria,6031,3826,63.4
Hungary,5373,4898,91.2
Norway,4555,1621,35.6
Greece,4115,2565,62.3
Finland,3661,2127,58.1
Portugal,3284,2134,65.0
Ireland,2215,1314,59.3
